File Name,Date,Particulars,Vch Type,Vch No.,Debit,Credit
PINKY MOTORS.pdf,10-Apr-19,"(as per details)
PURCHASES
CGST
SGST","PURCHASES
1720.00 Dr
CGST
240.80 Dr
SGST
240.80 Dr",332,2201.60,
PINKY MOTORS.pdf,21-Jun-19,"(as per details)
PURCHASES
CGST
CGST
SGST
SGST","PURCHASES
1880.00 Dr
CGST
263.20 Dr
CGST
358.20 Dr
SGST
263.20 Dr
SGST
358.20 Dr",270,4696.40,
PINKY MOTORS.pdf,21-Jun-19,"(as per details)
PURCHASES
CGST
CGST
SGST
SGST","PURCHASES
1880.00 Dr
CGST
263.20 Dr
CGST
358.20 Dr
SGST
263.20 Dr
SGST
358.20 Dr",271,4696.40,
PINKY MOTORS.pdf,13-Jul-19,"(as per details)
PURCHASES
CGST
SGST","PURCHASES
1020.00 Dr
CGST
91.80 Dr
SGST
91.80 Dr",272,1020.00,
PINKY MOTORS.pdf,11-Oct-19,"(as per details)
PURCHASES
CGST
SGST",Payment,1498,,5775.00
PINKY MOTORS.pdf,11-Oct-19,"(as per details)
PURCHASES
CGST
SGST",Payment,273,,5775.00
MULTITECH SOLUTIONS.pdf,30-Sep-19,"(as per details)
PURCHASES
CGST
SGST","PURCHASES
500.00 Dr
CGST
45.00 Dr
SGST
45.00 Dr",357,500.00,
SANWA DIAMOND TOOLS PVT LTD.pdf,15-Apr-19,"HDFC Bank  9564 3,00,000.00 103 Payment
NEFT DR-UTIB0001541-SANWA DIMOND",Payment,103,,300000.00
SANWA DIAMOND TOOLS PVT LTD.pdf,30-Apr-19,"(as per details)
PURCHASES
CGST
CGST
SGST
SGST","PURCHASES
59320.00 Dr
CGST
5338.80 Dr
CGST
5338.80 Dr
SGST
5338.80 Dr
SGST
5338.80 Dr",106,70000.00,
SANWA DIAMOND TOOLS PVT LTD.pdf,30-Apr-19,"(as per details)
PURCHASES
CGST
CGST
SGST
SGST","PURCHASES
59320.00 Dr
CGST
5338.80 Dr
CGST
5338.80 Dr
SGST
5338.80 Dr
SGST
5338.80 Dr",109,70000.00,
SANWA DIAMOND TOOLS PVT LTD.pdf,1-May-19,"HDFC Bank  9564 3,00,000.00 276 Payment
NEFT DR-UTIB0001541-SANWA DIMOND",Payment,276,,300000.00
SANWA DIAMOND TOOLS PVT LTD.pdf,6-May-19,"(as per details)
PURCHASES
CGST
SGST","PURCHASES
75000.00 Dr
CGST
6750.00 Dr
SGST
6750.00 Dr",107,88500.00,
SANWA DIAMOND TOOLS PVT LTD.pdf,8-May-19,"(as per details)
PURCHASES
CGST
SGST","PURCHASES
95765.30 Dr
CGST
8618.85 Dr
SGST
8618.85 Dr",108,113003.00,
SANWA DIAMOND TOOLS PVT LTD.pdf,18-May-19,"(as per details)
PURCHASES
CGST
SGST","PURCHASES
54000.00 Dr
CGST
4860.00 Dr
SGST
4860.00 Dr",110,63720.00,
SANWA DIAMOND TOOLS PVT LTD.pdf,7-Jun-19,"HDFC Bank  9564 1,00,000.00 553 Payment
NEFT DR-UTIB0001541-SANWA DIMOND",Payment,553,,100000.00
SANWA DIAMOND TOOLS PVT LTD.pdf,10-Jun-19,"(as per details)
PURCHASES
CGST
SGST","PURCHASES
62500.00 Dr
CGST
5625.00 Dr
SGST
5625.00 Dr",100,73750.00,
SANWA DIAMOND TOOLS PVT LTD.pdf,14-Jun-19,"(as per details)
PURCHASES
CGST
SGST","PURCHASES
37500.00 Dr
CGST
3375.00 Dr
SGST
3375.00 Dr",111,44250.00,
SANWA DIAMOND TOOLS PVT LTD.pdf,14-Jun-19,Transaction details,Purchase,,1014396.00,
SANWA DIAMOND TOOLS PVT LTD.pdf,17-Jun-19,"(as per details)
PURCHASES
CGST
SGST","PURCHASES
54000.00 Dr
CGST
4860.00 Dr
SGST
4860.00 Dr",112,63720.00,
SANWA DIAMOND TOOLS PVT LTD.pdf,21-Jun-19,"(as per details)
PURCHASES
CGST
SGST","PURCHASES
25000.00 Dr
CGST
2250.00 Dr
SGST
2250.00 Dr",113,29500.00,
SANWA DIAMOND TOOLS PVT LTD.pdf,13-Jul-19,"(as per details)
CGST
SGST","PURCHASES
CGST
9457.65 Dr
SGST
9457.65 Dr",114,124001.00,
SANWA DIAMOND TOOLS PVT LTD.pdf,1-Aug-19,"HDFC Bank  9564 2,00,000.00 1063 Payment
NEFT DR-UTIB0001541-SANWA DIMOND",Payment,1063,,200000.00
SANWA DIAMOND TOOLS PVT LTD.pdf,5-Aug-19,"(as per details)
CGST
SGST","PURCHASES
CGST
13309.38 Dr
SGST
13309.38 Dr",115,174500.00,
SANWA DIAMOND TOOLS PVT LTD.pdf,23-Aug-19,"(as per details)
CGST
SGST",Payment,1193,,180000.00
SANWA DIAMOND TOOLS PVT LTD.pdf,23-Aug-19,"(as per details)
CGST
SGST",Payment,1195,,180000.00
SANWA DIAMOND TOOLS PVT LTD.pdf,23-Aug-19,"(as per details)
CGST
SGST",Payment,116,,180000.00
SANWA DIAMOND TOOLS PVT LTD.pdf,17-Sep-19,"(as per details)
PURCHASES
CGST
SGST","PURCHASES
21610.20 Dr
CGST
1944.90 Dr
SGST
1944.90 Dr",117,25500.00,
SANWA DIAMOND TOOLS PVT LTD.pdf,23-Sep-19,"HDFC Bank  9564 2,00,000.00 1384 Payment
NEFT DR-UTIB0001541-SANWA DIMOND",Payment,1384,,200000.00
SANWA DIAMOND TOOLS PVT LTD.pdf,18-Oct-19,"(as per details)
PURCHASES
CGST
SGST","PURCHASES
54000.00 Dr
CGST
4860.00 Dr
SGST
4860.00 Dr",118,63720.00,
SANWA DIAMOND TOOLS PVT LTD.pdf,18-Oct-19,Transaction details,Purchase,,1652655.00,
SANWA DIAMOND TOOLS PVT LTD.pdf,6-Nov-19,"HDFC Bank  9564 2,00,000.00 1646 Payment
NEFT DR-UTIB0001541-SANWA DIMOND",Payment,1646,,200000.00
SANWA DIAMOND TOOLS PVT LTD.pdf,20-Nov-19,"(as per details)
PURCHASES
CGST
SGST","PURCHASES
25000.00 Dr
CGST
2250.00 Dr
SGST
2250.00 Dr",119,29500.00,
SANWA DIAMOND TOOLS PVT LTD.pdf,6-Dec-19,"HDFC Bank  9564 50,000.00 1788 Payment
IMPS-934011348245-SANWA DIMOND
XXXXXXXXXXX2321",Payment,1788,,50000.00
SANWA DIAMOND TOOLS PVT LTD.pdf,10-Dec-19,"(as per details)
PURCHASES
CGST
SGST","PURCHASES
29576.32 Dr
CGST
2661.84 Dr
SGST
2661.84 Dr",101,34900.00,
SANWA DIAMOND TOOLS PVT LTD.pdf,31-Jan-20,"(as per details)
PURCHASES
CGST
SGST",Payment,1995,,99000.00
SANWA DIAMOND TOOLS PVT LTD.pdf,31-Jan-20,"(as per details)
PURCHASES
CGST
SGST",Payment,1997,,99000.00
SANWA DIAMOND TOOLS PVT LTD.pdf,31-Jan-20,"(as per details)
PURCHASES
CGST
SGST",Payment,102,,99000.00
SANWA DIAMOND TOOLS PVT LTD.pdf,1-Feb-20,"(as per details)
PURCHASES
CGST
SGST","PURCHASES
22882.00 Dr
CGST
2059.38 Dr
SGST
2059.38 Dr",103,27000.00,
SANWA DIAMOND TOOLS PVT LTD.pdf,5-Feb-20,"(as per details)
PURCHASES
CGST
SGST","PURCHASES
25000.00 Dr
CGST
2250.00 Dr
SGST
2250.00 Dr",120,29500.00,
SANWA DIAMOND TOOLS PVT LTD.pdf,6-Feb-20,"HDFC Bank  9564 50,000.00 2025 Payment
NEFT DR-UTIB0001541-SANWA DIMOND",Payment,2025,,50000.00
SANWA DIAMOND TOOLS PVT LTD.pdf,4-Mar-20,"HDFC Bank  9564 1,00,000.00 2121 Payment",Payment,2121,,100000.00
SANWA DIAMOND TOOLS PVT LTD.pdf,9-Mar-20,"(as per details)
PURCHASES
CGST
SGST","PURCHASES
83262.48 Dr
CGST
7493.76 Dr
SGST
7493.76 Dr",104,98250.00,
SANWA DIAMOND TOOLS PVT LTD.pdf,9-Mar-20,Transaction details,Purchase,,1898805.00,
SANWA DIAMOND TOOLS PVT LTD.pdf,16-Mar-20,"(as per details)
PURCHASES
CGST
SGST","PURCHASES
12500.00 Dr
CGST
1125.00 Dr
SGST
1125.00 Dr",105,14750.00,
IMPERIAL.pdf,10-Apr-19,"(as per details)
PURCHASES
CGST
SGST","PURCHASES
23339.32 Dr
CGST
2100.54 Dr
SGST
2100.14 Dr",331,27540.00,
LIFESTYLE-YOU.pdf,20-Jun-19,"(as per details)
PURCHASES
IGST","PURCHASES
592.37 Dr
IGST
106.63 Dr",35,592.37,
R S ENTERPRISES.pdf,7-Feb-20,"(as per details)
PURCHASES
IGST
BEING PURCHASES MADE VIDE INVOICE
NO  SDEE-","PURCHASES
660.17 Dr
IGST
118.83 Dr",15,660.17,
MAX GLOBAL AGENCY.pdf,10-Apr-19,"(as per details)
PURCHASES
CGST
SGST","PURCHASES
1120.40 Dr
CGST
100.80 Dr
SGST
100.80 Dr",213,1120.40,
MAX GLOBAL AGENCY.pdf,15-Apr-19,"(as per details)
PURCHASES
CGST
SGST","PURCHASES
2240.00 Dr
CGST
201.60 Dr
SGST
201.60 Dr",215,2240.00,
MAX GLOBAL AGENCY.pdf,3-May-19,"(as per details)
PURCHASES
CGST
SGST","PURCHASES
890.00 Dr
CGST
80.10 Dr
SGST
80.10 Dr",212,890.00,
MAX GLOBAL AGENCY.pdf,3-Sep-19,"(as per details)
PURCHASES
CGST
SGST","PURCHASES
450.00 Dr
CGST
40.50 Dr
SGST
40.50 Dr",214,450.00,
PERENNIAL TECHNOLOGIES PVT LTD.pdf,15-Apr-19,"HDFC Bank  9564 50,000.00 104 Payment
NEFT DR-MAHB0001208-PERENNIAL",Payment,104,,50000.00
PERENNIAL TECHNOLOGIES PVT LTD.pdf,1-May-19,"(as per details)
PURCHASES
IGST","PURCHASES
27000.00 Dr
IGST
4860.00 Dr",50,31860.00,
PERENNIAL TECHNOLOGIES PVT LTD.pdf,1-Jun-19,"(as per details)
PURCHASES
IGST","PURCHASES
27000.00 Dr
IGST
4860.00 Dr",363,31860.00,
PERENNIAL TECHNOLOGIES PVT LTD.pdf,6-Jun-19,"HDFC Bank  9564 50,000.00 547 Payment
NEFT DR-MAHB0001208-PERENNIAL",Payment,547,,50000.00
PERENNIAL TECHNOLOGIES PVT LTD.pdf,1-Jul-19,"(as per details)
PURCHASES
IGST","PURCHASES
27000.00 Dr
IGST
4860.00 Dr",52,31860.00,
PERENNIAL TECHNOLOGIES PVT LTD.pdf,1-Aug-19,"(as per details)
PURCHASES
IGST","PURCHASES
27000.00 Dr
IGST
4860.00 Dr",53,31860.00,
PERENNIAL TECHNOLOGIES PVT LTD.pdf,13-Aug-19,"HDFC Bank  9564 50,000.00 1122 Payment
NEFT DR-MAHB0001208-PERENNIAL",Payment,1122,,50000.00
PERENNIAL TECHNOLOGIES PVT LTD.pdf,1-Sep-19,"(as per details)
PURCHASES
IGST","PURCHASES
27000.00 Dr
IGST
4860.00 Dr",54,31860.00,
PERENNIAL TECHNOLOGIES PVT LTD.pdf,26-Sep-19,"HDFC Bank  9564 50,000.00 1411 Payment
NEFT DR-MAHB0001208-PERENNIAL",Payment,1411,,50000.00
PERENNIAL TECHNOLOGIES PVT LTD.pdf,1-Oct-19,"(as per details)
PURCHASES
IGST","PURCHASES
27000.00 Dr
IGST
4860.00 Dr",55,31860.00,
PERENNIAL TECHNOLOGIES PVT LTD.pdf,4-Oct-19,"HDFC Bank  9564 5,000.00 1439 Payment
NEFT DR-SBIN0000164-PERMESER",Payment,1439,,5000.00
PERENNIAL TECHNOLOGIES PVT LTD.pdf,1-Nov-19,"(as per details)
PURCHASES
IGST","PURCHASES
27000.00 Dr
IGST
4860.00 Dr",56,31860.00,
PERENNIAL TECHNOLOGIES PVT LTD.pdf,1-Nov-19,Transaction details,Purchase,,297780.00,
PERENNIAL TECHNOLOGIES PVT LTD.pdf,1-Dec-19,"(as per details)
PURCHASES
IGST","PURCHASES
27000.00 Dr
IGST
4860.00 Dr",57,31860.00,
PERENNIAL TECHNOLOGIES PVT LTD.pdf,16-Dec-19,"HDFC Bank  9564 50,000.00 1824 Payment
NEFT DR-MAHB0001208-PERENNIAL",Payment,1824,,50000.00
PERENNIAL TECHNOLOGIES PVT LTD.pdf,1-Jan-20,"(as per details)
PURCHASES
IGST","PURCHASES
27000.00 Dr
IGST
4860.00 Dr",58,31860.00,
PERENNIAL TECHNOLOGIES PVT LTD.pdf,1-Feb-20,"(as per details)
PURCHASES
IGST","PURCHASES
27000.00 Dr
IGST
4860.00 Dr",360,31860.00,
PERENNIAL TECHNOLOGIES PVT LTD.pdf,18-Feb-20,"HDFC Bank  9564 50,000.00 2066 Payment
NEFT DR-MAHB0001208-PERENNIAL",Payment,2066,,50000.00
PERENNIAL TECHNOLOGIES PVT LTD.pdf,1-Mar-20,"(as per details)
PURCHASES
IGST","PURCHASES
27000.00 Dr
IGST
4860.00 Dr",60,31860.00,
IMPERIAL IMPEX.pdf,9-Nov-19,"(as per details)
PURCHASES
CGST
SGST","PURCHASES
457.66 Dr
CGST
41.17 Dr
SGST
41.17 Dr",123,457.66,
IMPERIAL IMPEX.pdf,5-Feb-20,"(as per details)
PURCHASES
CGST
SGST","PURCHASES
380.54 Dr
CGST
34.23 Dr
SGST
34.23 Dr",124,380.54,
PRECISION HOUSE.pdf,18-Feb-20,"(as per details)
PURCHASES
CGST
SGST","PURCHASES
400.00 Dr
CGST
36.00 Dr
SGST
36.00 Dr",219,400.00,
HDB FINANCIAL SERVICES LTD.pdf,27-May-19,"(as per details)
PURCHASES
CGST
CGST
SGST
SGST","PURCHASES
3813.56 Dr
CGST
343.22 Dr
CGST
38.14 Dr
SGST
343.22 Dr
SGST
38.14 Dr",85,3813.56,
HDB FINANCIAL SERVICES LTD.pdf,27-May-19,"(as per details)
PURCHASES
CGST
CGST
SGST
SGST","PURCHASES
3813.56 Dr
CGST
343.22 Dr
CGST
38.14 Dr
SGST
343.22 Dr
SGST
38.14 Dr",86,3813.56,
MANNAN TOOLS CENTRE.pdf,5-Feb-20,"(as per details)
PURCHASES
CGST
SGST","PURCHASES
380.00 Dr
CGST
34.20 Dr
SGST
34.20 Dr",261,380.00,
G K FILLING.pdf,23-Apr-19,"HDFC Bank  9564 3,670.72 199 Payment
POS 524254XXXXXX1996 G K FILLING",Payment,199,,3670.72
HARBANS SINGH & SONS.pdf,21-Nov-19,"(as per details)
PURCHASES
IGST
BEING PURCHASES MADE VIDE INVOICE
NO  ZNQ","PURCHASES
10624.11 Dr
IGST
1274.89 Dr",2,11899.00,
MATHA AUTO AGENCIES.pdf,27-Jul-19,"(as per details)
PURCHASES
IGST","PURCHASES
1652.54 Dr
IGST
297.46 Dr",317,1652.54,
KRISHNA ELECTRICAL.pdf,18-May-19,"HDFC Bank  9564 5,800.00 405 Payment
POS 524254XXXXXX1996 KRISHNA",Payment,405,,5800.00
GO AIRLINES (INDIA) LIMITED.pdf,22-Aug-19,"(as per details)
PURCHASES
CGST
CGST
SGST
SGST","PURCHASES
6596.00 Dr
CGST
164.90 Dr
CGST
82.45 Dr
SGST
164.90 Dr
SGST
82.45 Dr",97,6925.80,
GO AIRLINES (INDIA) LIMITED.pdf,22-Aug-19,"(as per details)
PURCHASES
CGST
CGST
SGST
SGST","PURCHASES
6596.00 Dr
CGST
164.90 Dr
CGST
82.45 Dr
SGST
164.90 Dr
SGST
82.45 Dr",98,6925.80,
GO AIRLINES (INDIA) LIMITED.pdf,13-Oct-19,"(as per details)
PURCHASES
IGST","PURCHASES
15555.00 Dr
IGST
777.75 Dr",37,16332.75,
GO AIRLINES (INDIA) LIMITED.pdf,26-Nov-19,"HDFC Bank  9564 4,700.00 1759 Payment
POS 524254XXXXXX1996 INDIGO",Payment,1759,,4700.00
GO AIRLINES (INDIA) LIMITED.pdf,18-Dec-19,"HDFC Bank  9564 8,499.00 1836 Payment
POS 524254XXXXXX1996 INDIGO",Payment,1836,,8499.00
GO AIRLINES (INDIA) LIMITED.pdf,18-Feb-20,"(as per details)
PURCHASES
CGST
SGST","PURCHASES
7536.00 Dr
CGST
188.40 Dr
SGST
188.40 Dr",99,7912.80,
DIAMOND STATIONERS.pdf,20-Jun-19,"HDFC Bank  9564 2,00,000.00 662 Payment
IMPS-917113358686--UTIB
XXXXXXXXXXX2321",Payment,662,,200000.00
S S ENTERPRISES.pdf,16-Aug-19,"HDFC Bank  9564 3,639.56 1147 Payment
POS 524254XXXXXX1996 S S R",Payment,1147,,3639.56
MAYA CERAMICS.pdf,2-Aug-19,"(as per details)
PURCHASES
CGST
SGST","PURCHASES
567.80 Dr
CGST
51.10 Dr
SGST
51.10 Dr",341,567.80,
MAYA CERAMICS.pdf,15-Nov-19,"(as per details)
PURCHASES
CGST
SGST","PURCHASES
1288.12 Dr
CGST
115.94 Dr
SGST
115.94 Dr",276,1288.12,
MAYA CERAMICS.pdf,7-Jan-20,"(as per details)
PURCHASES
CGST
SGST","PURCHASES
389.84 Dr
CGST
35.08 Dr
SGST
35.08 Dr",277,389.84,
LIKITH ENTERPRISES.pdf,20-Aug-19,"(as per details)
PURCHASES
CGST
SGST","PURCHASES
7142.96 Dr
CGST
428.52 Dr
SGST
428.52 Dr",280,7142.96,
POORVIKA MOBILES PRIVATE LIMITED.pdf,24-Jul-19,"(as per details)
PURCHASES
CGST
SGST","PURCHASES
12767.86 Dr
CGST
766.07 Dr
SGST
766.07 Dr",161,14300.00,
INTER GLOBE AVIATION LIMITED INDIGO.pdf,1-Jun-19,"(as per details)
PURCHASES
IGST","PURCHASES
5572.00 Dr
IGST
279.00 Dr",318,5572.00,
INTER GLOBE AVIATION LIMITED INDIGO.pdf,21-Aug-19,"(as per details)
PURCHASES
IGST","PURCHASES
3035.00 Dr
IGST
152.00 Dr",319,3035.00,
INTER GLOBE AVIATION LIMITED INDIGO.pdf,23-Oct-19,"(as per details)
PURCHASES
IGST","PURCHASES
1324.00 Dr
IGST
66.00 Dr",320,1324.00,
VAGH TRADER PRIVATE LIMITED.pdf,27-Jul-19,"(as per details)
PURCHASES
IGST
BEING PURCHASES MADE VIDE INVOICE
NO DEL","PURCHASES
133.04 Dr
IGST
15.96 Dr",9278,133.04,
VAGH TRADER PRIVATE LIMITED.pdf,28-Sep-19,"(as per details)
PURCHASES
CGST
SGST","PURCHASES
174.58 Dr
CGST
15.71 Dr
SGST
15.71 Dr",165,174.58,
SOUTH INDIA INDUSTRIAL SUPPLIERS.pdf,30-Aug-19,"(as per details)
PURCHASES
IGST","PURCHASES
650.00 Dr
IGST
117.00 Dr",308,650.00,
SOUTH INDIA INDUSTRIAL SUPPLIERS.pdf,9-Sep-19,"(as per details)
PURCHASES
IGST","PURCHASES
1018.00 Dr
IGST
183.24 Dr",309,1201.24,
SOUTH INDIA INDUSTRIAL SUPPLIERS.pdf,21-Jan-20,"(as per details)
PURCHASES
IGST","PURCHASES
1000.00 Dr
IGST
180.00 Dr",310,1000.00,
SOUTH INDIA INDUSTRIAL SUPPLIERS.pdf,6-Feb-20,"(as per details)
PURCHASES
IGST","PURCHASES
773.00 Dr
IGST
139.14 Dr",311,912.14,
CLOUDTAIL INDIA PVT LTD.pdf,13-Apr-19,"(as per details)
PURCHASES
CGST
SGST","PURCHASES
864.40 Dr
CGST
77.80 Dr
SGST
77.80 Dr",229,864.40,
CLOUDTAIL INDIA PVT LTD.pdf,22-May-19,"(as per details)
PURCHASES
CGST
SGST
IGST
BEING PURCHASES MADE VIDE INVOICE
NO DEL","PURCHASES
253.39 Dr
CGST
33.10 Dr
SGST
33.10 Dr
IGST
45.61 Dr",226,367.80,
CLOUDTAIL INDIA PVT LTD.pdf,4-Jun-19,"(as per details)
PURCHASES
CGST
SGST","PURCHASES
757.00 Dr
CGST
68.11 Dr
SGST
68.11 Dr",222,893.22,
CLOUDTAIL INDIA PVT LTD.pdf,7-Jun-19,"(as per details)
PURCHASES
CGST
SGST","PURCHASES
253.00 Dr
CGST
22.73 Dr
SGST
22.73 Dr",227,298.46,
CLOUDTAIL INDIA PVT LTD.pdf,20-Jun-19,"(as per details)
PURCHASES
CGST
SGST","PURCHASES
711.00 Dr
CGST
56.61 Dr
SGST
56.61 Dr",228,824.22,
CLOUDTAIL INDIA PVT LTD.pdf,29-Aug-19,"(as per details)
PURCHASES
CGST
SGST","PURCHASES
155.94 Dr
CGST
14.03 Dr
SGST
14.03 Dr",230,155.94,
CLOUDTAIL INDIA PVT LTD.pdf,1-Sep-19,"(as per details)
PURCHASES
CGST
SGST","PURCHASES
444.00 Dr
CGST
26.62 Dr
SGST
26.62 Dr",231,497.24,
CLOUDTAIL INDIA PVT LTD.pdf,29-Sep-19,"(as per details)
PURCHASES
CGST
CGST
SGST
SGST
IGST","PURCHASES
455.24 Dr
CGST
11.38 Dr
CGST
70.50 Dr
SGST
11.38 Dr
SGST
70.50 Dr
IGST
52.02 Dr",220,1315.96,
CLOUDTAIL INDIA PVT LTD.pdf,29-Sep-19,"(as per details)
PURCHASES
CGST
CGST
SGST
SGST
IGST","PURCHASES
455.24 Dr
CGST
11.38 Dr
CGST
70.50 Dr
SGST
11.38 Dr
SGST
70.50 Dr
IGST
52.02 Dr",232,1315.96,
CLOUDTAIL INDIA PVT LTD.pdf,29-Sep-19,"(as per details)
PURCHASES
CGST
CGST
SGST
SGST
IGST","PURCHASES
455.24 Dr
CGST
11.38 Dr
CGST
70.50 Dr
SGST
11.38 Dr
SGST
70.50 Dr
IGST
52.02 Dr",314,1315.96,
CLOUDTAIL INDIA PVT LTD.pdf,29-Sep-19,Transaction details,Purchase,,6585.10,
CLOUDTAIL INDIA PVT LTD.pdf,14-Oct-19,"(as per details)
PURCHASES
IGST
BEING PURCHASES MADE VIDE INVOICE
NO DEL","PURCHASES
422.88 Dr
IGST
76.12 Dr",4,422.88,
CLOUDTAIL INDIA PVT LTD.pdf,18-Nov-19,"(as per details)
PURCHASES
IGST","PURCHASES
642.86 Dr
IGST
77.14 Dr",315,642.86,
CLOUDTAIL INDIA PVT LTD.pdf,30-Nov-19,"(as per details)
PURCHASES
CGST
SGST","PURCHASES
255.92 Dr
CGST
23.03 Dr
SGST
23.03 Dr",221,301.98,
CLOUDTAIL INDIA PVT LTD.pdf,2-Jan-20,"(as per details)
PURCHASES
CGST
SGST","PURCHASES
241.52 Dr
CGST
21.74 Dr
SGST
21.74 Dr",223,241.52,
CLOUDTAIL INDIA PVT LTD.pdf,28-Jan-20,"(as per details)
PURCHASES
CGST
SGST","PURCHASES
1778.82 Dr
CGST
160.09 Dr
SGST
160.09 Dr",224,1778.82,
CLOUDTAIL INDIA PVT LTD.pdf,15-Mar-20,"(as per details)
PURCHASES
CGST
SGST","PURCHASES
152.54 Dr
CGST
13.73 Dr
SGST
13.73 Dr",225,152.54,
MAYA HARDWARE & ELECTRICALS.pdf,28-Nov-19,"(as per details)
PURCHASES
CGST
SGST","PURCHASES
1525.42 Dr
CGST
137.29 Dr
SGST
137.29 Dr",259,1525.42,
M MAHBOOB PASHA.pdf,10-Jul-19,"(as per details)
PURCHASES
CGST
SGST","PURCHASES
19100.00 Dr
CGST
1719.00 Dr
SGST
1719.00 Dr",301,22538.00,
KAY KAY DELIGHT HOSPITALITY.pdf,18-Sep-19,"(as per details)
PURCHASES
CGST
SGST
BEING PURCHASES MADE VIDE INVOICE
NO HOT/","PURCHASES
2923.82 Dr
CGST
148.09 Dr
SGST
148.09 Dr",10,2923.82,
INVENTIVA LABS PRIVATE LIMITED.pdf,9-Aug-19,"(as per details)
PURCHASES
IGST","PURCHASES
1143.22 Dr
IGST
205.78 Dr",49,1143.22,
SPICEJET LIMITED.pdf,2-Apr-19,"(as per details)
PURCHASES
IGST","PURCHASES
2220.00 Dr
IGST
111.00 Dr",330,2220.00,
FAZAL ENTERPRISES.pdf,13-Jun-19,"(as per details)
PURCHASES
CGST
SGST","PURCHASES
2161.02 Dr
CGST
194.49 Dr
SGST
194.49 Dr",78,2161.02,
FAZAL ENTERPRISES.pdf,2-Aug-19,"(as per details)
PURCHASES
CGST
SGST","PURCHASES
2161.02 Dr
CGST
194.49 Dr
SGST
194.49 Dr",79,2161.02,
FAZAL ENTERPRISES.pdf,5-Oct-19,"(as per details)
PURCHASES
CGST
SGST","PURCHASES
237.28 Dr
CGST
21.36 Dr
SGST
21.36 Dr",80,237.28,
PROTAIL.pdf,15-May-19,"(as per details)
PURCHASES
CGST
SGST","PURCHASES
25254.24 Dr
CGST
2272.88 Dr
SGST
2272.88 Dr",240,29800.00,
GATI EXPRESS & SUPPLY CHAIN PRIVATE LIMITED.pdf,15-May-19,"(as per details)
PURCHASES
CGST
SGST","PURCHASES
1211.11 Dr
CGST
109.00 Dr
SGST
109.00 Dr",147,1429.11,
DEIN KLEIDER.pdf,24-Oct-19,"(as per details)
PURCHASES
IGST
BEING PURCHASES MADE VIDE INVOICE
NO SDED-","PURCHASES
359.37 Dr
IGST
64.69 Dr",2138,424.06,
SAIF TOOLS SYNDICATE.pdf,23-Apr-19,"(as per details)
PURCHASES
CGST
SGST","PURCHASES
3400.00 Dr
CGST
306.00 Dr
SGST
306.00 Dr",234,3400.00,
SAIF TOOLS SYNDICATE.pdf,20-Sep-19,"(as per details)
PURCHASES
CGST
SGST","PURCHASES
430.00 Dr
CGST
38.70 Dr
SGST
38.70 Dr",235,507.40,
SAIF TOOLS SYNDICATE.pdf,11-Oct-19,"(as per details)
PURCHASES
CGST
SGST","PURCHASES
500.00 Dr
CGST
45.00 Dr
SGST
45.00 Dr",236,500.00,
V.S.KHANOLKAR PRIVATE LIMITED.pdf,24-Apr-19,"(as per details)
PURCHASES
CGST
SGST","PURCHASES
3229.44 Dr
CGST
290.65 Dr
SGST
290.65 Dr",148,3810.74,
V.S.KHANOLKAR PRIVATE LIMITED.pdf,20-Jun-19,"(as per details)
PURCHASES
CGST
SGST","PURCHASES
5085.30 Dr
CGST
457.68 Dr
SGST
457.68 Dr",149,6000.66,
V.S.KHANOLKAR PRIVATE LIMITED.pdf,3-Sep-19,"(as per details)
PURCHASES
CGST
SGST","PURCHASES
2461.80 Dr
CGST
221.57 Dr
SGST
221.57 Dr",150,2904.94,
V.S.KHANOLKAR PRIVATE LIMITED.pdf,7-Sep-19,"(as per details)
PURCHASES
CGST
SGST","PURCHASES
607.20 Dr
CGST
54.65 Dr
SGST
54.65 Dr",151,716.50,
V.S.KHANOLKAR PRIVATE LIMITED.pdf,13-Sep-19,"(as per details)
PURCHASES
CGST
SGST","PURCHASES
1702.80 Dr
CGST
153.26 Dr
SGST
153.26 Dr",152,2009.32,
V.S.KHANOLKAR PRIVATE LIMITED.pdf,26-Sep-19,"(as per details)
PURCHASES
CGST
SGST","PURCHASES
1125.30 Dr
CGST
101.28 Dr
SGST
101.28 Dr",153,1327.86,
V.S.KHANOLKAR PRIVATE LIMITED.pdf,23-Oct-19,"(as per details)
PURCHASES
CGST
SGST","PURCHASES
3346.20 Dr
CGST
301.15 Dr
SGST
301.15 Dr",154,3948.50,
V.S.KHANOLKAR PRIVATE LIMITED.pdf,26-Oct-19,"(as per details)
PURCHASES
CGST
SGST","PURCHASES
290.40 Dr
CGST
26.14 Dr
SGST
26.14 Dr",155,342.68,
V.S.KHANOLKAR PRIVATE LIMITED.pdf,5-Nov-19,"(as per details)
PURCHASES
CGST
SGST","PURCHASES
1716.00 Dr
CGST
154.44 Dr
SGST
154.44 Dr",156,2024.88,
V.S.KHANOLKAR PRIVATE LIMITED.pdf,13-Dec-19,"(as per details)
PURCHASES
CGST
SGST","PURCHASES
3247.20 Dr
CGST
292.25 Dr
SGST
292.25 Dr",157,3831.70,
V.S.KHANOLKAR PRIVATE LIMITED.pdf,27-Jan-20,"(as per details)
PURCHASES
CGST
SGST","PURCHASES
1214.40 Dr
CGST
109.30 Dr
SGST
109.30 Dr",158,1214.40,
GULSHAN TRADERS.pdf,11-Apr-19,"(as per details)
PURCHASES
CGST
SGST","PURCHASES
1320.00 Dr
CGST
118.80 Dr
SGST
118.80 Dr",159,1320.00,
KARTHIK ENTERPRISES.pdf,16-Apr-19,"HDFC Bank  9564 6,900.00 125 Payment
POS 524254XXXXXX1996 KARTHIK",Payment,125,,6900.00
UNITED SALES AND SERVICE CO.pdf,1-Jun-19,"(as per details)
PURCHASES
CGST
CGST
SGST
SGST","PURCHASES
348.00 Dr
CGST
31.32 Dr
CGST
12.60 Dr
SGST
31.32 Dr
SGST
12.60 Dr",336,348.00,
UNITED SALES AND SERVICE CO.pdf,1-Jun-19,"(as per details)
PURCHASES
CGST
CGST
SGST
SGST","PURCHASES
348.00 Dr
CGST
31.32 Dr
CGST
12.60 Dr
SGST
31.32 Dr
SGST
12.60 Dr",337,348.00,
NATIONAL ENGINEERING COMPANY.pdf,4-Feb-20,"(as per details)
PURCHASES
IGST","PURCHASES
1186.45 Dr
IGST
213.56 Dr",303,1186.45,
NATIONAL ENGINEERING COMPANY.pdf,6-Feb-20,"(as per details)
PURCHASES
IGST","PURCHASES
203.40 Dr
IGST
36.61 Dr",304,203.40,
NATIONAL ENGINEERING COMPANY.pdf,10-Feb-20,"(as per details)
PURCHASES
IGST","PURCHASES
508.48 Dr
IGST
91.53 Dr",307,600.10,
NATIONAL ENGINEERING COMPANY.pdf,2-Mar-20,"(as per details)
PURCHASES
IGST","PURCHASES
508.48 Dr
IGST
91.52 Dr",305,508.48,
NATIONAL ENGINEERING COMPANY.pdf,10-Mar-20,"(as per details)
PURCHASES
IGST","PURCHASES
508.47 Dr
IGST
91.53 Dr",306,508.47,
MINISTRY OF RAILWAYS.pdf,29-Aug-19,"(as per details)
PURCHASES
IGST
BEING PURCHASES MADE VIDE INVOICE
NOPS","PURCHASES
1343.00 Dr
IGST
67.15 Dr",7,1410.15,
EMMBROS OVERSEAS LIFESTYLE PRIVATE LIMITED.pdf,26-Aug-19,"(as per details)
PURCHASES
CGST
SGST","PURCHASES
846.62 Dr
CGST
76.19 Dr
SGST
76.19 Dr",160,846.62,
RAVR ENTERPRISES.pdf,1-Sep-19,"(as per details)
PURCHASES
CGST
SGST","PURCHASES
256.28 Dr
CGST
6.41 Dr
SGST
6.41 Dr",282,269.09,
INDUSTRIAL BELTS AND BEARING CENTRE.pdf,3-Jun-19,"(as per details)
PURCHASES
CGST
SGST","PURCHASES
3320.00 Dr
CGST
298.80 Dr
SGST
298.00 Dr",81,3320.00,
INDUSTRIAL BELTS AND BEARING CENTRE.pdf,20-Jun-19,"(as per details)
PURCHASES
CGST
SGST","PURCHASES
11409.38 Dr
CGST
1026.81 Dr
SGST
1026.81 Dr",82,13463.00,
INDUSTRIAL BELTS AND BEARING CENTRE.pdf,31-Jul-19,"(as per details)
PURCHASES
CGST
SGST","PURCHASES
480.00 Dr
CGST
43.20 Dr
SGST
43.20 Dr",83,480.00,
JAYA AGENCIES.pdf,9-Apr-19,"(as per details)
PURCHASES
CGST
SGST","PURCHASES
4689.00 Dr
CGST
281.36 Dr
SGST
281.36 Dr",193,4689.00,
JAYA AGENCIES.pdf,13-Apr-19,"(as per details)
PURCHASES
CGST
SGST","PURCHASES
2547.19 Dr
CGST
215.91 Dr
SGST
215.91 Dr",198,2547.19,
JAYA AGENCIES.pdf,15-Apr-19,"(as per details)
PURCHASES
CGST
SGST","PURCHASES
2766.97 Dr
CGST
166.02 Dr
SGST
166.02 Dr",200,2766.97,
JAYA AGENCIES.pdf,19-Apr-19,"(as per details)
PURCHASES
CGST
SGST","PURCHASES
5658.07 Dr
CGST
342.46 Dr
SGST
342.46 Dr",201,5658.07,
JAYA AGENCIES.pdf,29-Apr-19,"(as per details)
PURCHASES
CGST
SGST","PURCHASES
2823.63 Dr
CGST
170.69 Dr
SGST
170.69 Dr",202,2823.63,
JAYA AGENCIES.pdf,15-May-19,"(as per details)
PURCHASES
CGST
SGST","PURCHASES
2296.43 Dr
CGST
137.79 Dr
SGST
135.79 Dr",192,2296.43,
JAYA AGENCIES.pdf,9-Jul-19,"(as per details)
PURCHASES
CGST
CGST
SGST
SGST","PURCHASES
7267.59 Dr
CGST
481.21 Dr
CGST
428.37 Dr
SGST
481.21 Dr
SGST
428.37 Dr",194,7267.59,
JAYA AGENCIES.pdf,9-Jul-19,"(as per details)
PURCHASES
CGST
CGST
SGST
SGST","PURCHASES
7267.59 Dr
CGST
481.21 Dr
CGST
428.37 Dr
SGST
481.21 Dr
SGST
428.37 Dr",195,7267.59,
JAYA AGENCIES.pdf,13-Jul-19,"(as per details)
PURCHASES
CGST
SGST","PURCHASES
7230.82 Dr
CGST
569.08 Dr
SGST
569.08 Dr",196,7230.82,
JAYA AGENCIES.pdf,13-Jul-19,Transaction details,Purchase,,47331.00,
JAYA AGENCIES.pdf,16-Jul-19,"(as per details)
PURCHASES
CGST
SGST","PURCHASES
130.05 Dr
CGST
8.97 Dr
SGST
8.97 Dr",138,130.05,
JAYA AGENCIES.pdf,26-Jul-19,"(as per details)
PURCHASES
CGST
SGST","PURCHASES
11401.06 Dr
CGST
749.47 Dr
SGST
749.47 Dr",199,12900.00,
JAYA AGENCIES.pdf,3-Sep-19,"(as per details)
PURCHASES
CGST
SGST","PURCHASES
10677.50 Dr
CGST
663.46 Dr
SGST
663.46 Dr",185,12000.00,
JAYA AGENCIES.pdf,20-Sep-19,"(as per details)
PURCHASES
CGST
SGST","PURCHASES
250.00 Dr
CGST
15.00 Dr
SGST
15.00 Dr",186,250.00,
JAYA AGENCIES.pdf,11-Oct-19,"(as per details)
PURCHASES
CGST
SGST","PURCHASES
383.92 Dr
CGST
23.04 Dr
SGST
23.04 Dr",187,383.92,
JAYA AGENCIES.pdf,16-Dec-19,"(as per details)
PURCHASES
CGST
SGST","PURCHASES
93.74 Dr
CGST
5.63 Dr
SGST
5.63 Dr",188,93.74,
JAYA AGENCIES.pdf,20-Dec-19,"(as per details)
PURCHASES
CGST
CGST
SGST
SGST","PURCHASES
8397.04 Dr
CGST
526.48 Dr
CGST
399.90 Dr
SGST
526.48 Dr
SGST
399.90 Dr",189,8397.04,
JAYA AGENCIES.pdf,20-Dec-19,"(as per details)
PURCHASES
CGST
CGST
SGST
SGST","PURCHASES
8397.04 Dr
CGST
526.48 Dr
CGST
399.90 Dr
SGST
526.48 Dr
SGST
399.90 Dr",203,8397.04,
JAYA AGENCIES.pdf,25-Dec-19,"(as per details)
PURCHASES
CGST
SGST","PURCHASES
959.46 Dr
CGST
70.27 Dr
SGST
70.27 Dr",190,959.46,
JAYA AGENCIES.pdf,14-Jan-20,"(as per details)
PURCHASES
CGST
SGST","PURCHASES
98.22 Dr
CGST
5.89 Dr
SGST
5.89 Dr",191,98.22,
GALAXY PAINTS AND HARDWARES.pdf,14-Mar-20,"(as per details)
PURCHASES
CGST
SGST","PURCHASES
508.45 Dr
CGST
45.76 Dr
SGST
45.76 Dr",183,599.97,
GALAXY PAINTS AND HARDWARES.pdf,18-Mar-20,"(as per details)
PURCHASES
CGST
SGST","PURCHASES
67.80 Dr
CGST
6.10 Dr
SGST
6.10 Dr",184,67.80,
YOUR ACCESSORIES STORE.pdf,4-Jul-19,"(as per details)
PURCHASES
IGST
BEING PURCHASES MADE VIDE INVOICE
NO QNTN-","PURCHASES
414.40 Dr
IGST
74.59 Dr",13,488.99,
VENDORSKART ONLINE SERVICES PRIVATE LIMITED.pdf,26-May-19,"(as per details)
PURCHASES
CGST
SGST","PURCHASES
843.22 Dr
CGST
75.89 Dr
SGST
75.89 Dr",164,843.22,
MODERN SUPPLY AGENCY.pdf,8-May-19,"(as per details)
PURCHASES
CGST
SGST","PURCHASES
3900.00 Dr
CGST
351.00 Dr
SGST
351.00 Dr",250,3900.00,
MODERN SUPPLY AGENCY.pdf,20-Jun-19,"(as per details)
PURCHASES
CGST
SGST","PURCHASES
3350.00 Dr
CGST
301.50 Dr
SGST
301.50 Dr",251,3350.00,
MODERN SUPPLY AGENCY.pdf,27-Feb-20,"(as per details)
PURCHASES
CGST
SGST","PURCHASES
700.00 Dr
CGST
63.00 Dr
SGST
63.00 Dr",252,700.00,
MODERN SUPPLY AGENCY.pdf,28-Feb-20,"(as per details)
PURCHASES
CGST
SGST","PURCHASES
700.00 Dr
CGST
63.00 Dr
SGST
63.00 Dr",253,700.00,
COALESCENT INDIA.pdf,26-Jul-19,"(as per details)
PURCHASES
IGST
BEING PURCHASES MADE VIDE INVOICE
NO QNWI-","PURCHASES
546.61 Dr
IGST
98.39 Dr",11,546.61,
SRI VENKATESHWARA BATTERY WORKS & AUTO ELECTRICAL WORKS.pdf,28-Aug-19,"(as per details)
PURCHASES
CGST
SGST","PURCHASES
4921.00 Dr
CGST
688.94 Dr
SGST
688.94 Dr",249,4921.00,
SRI VARU POWER TOOLS CO..pdf,24-Apr-19,"(as per details)
PURCHASES
CGST
SGST","PURCHASES
5392.44 Dr
CGST
485.28 Dr
SGST
485.28 Dr",136,5392.44,
SRI VARU POWER TOOLS CO..pdf,20-Jun-19,"(as per details)
PURCHASES
CGST
CGST
SGST
SGST","PURCHASES
1670.00 Dr
CGST
150.30 Dr
CGST
177.03 Dr
SGST
150.30 Dr
SGST
177.03 Dr",134,1967.00,
SRI VARU POWER TOOLS CO..pdf,20-Jun-19,"(as per details)
PURCHASES
CGST
CGST
SGST
SGST","PURCHASES
1670.00 Dr
CGST
150.30 Dr
CGST
177.03 Dr
SGST
150.30 Dr
SGST
177.03 Dr",135,1967.00,
SRI VARU POWER TOOLS CO..pdf,21-Jun-19,"(as per details)
PURCHASES
CGST
CGST
SGST
SGST","PURCHASES
713.00 Dr
CGST
64.17 Dr
CGST
14.49 Dr
SGST
64.17 Dr
SGST
14.49 Dr",143,713.00,
SRI VARU POWER TOOLS CO..pdf,21-Jun-19,"(as per details)
PURCHASES
CGST
CGST
SGST
SGST","PURCHASES
713.00 Dr
CGST
64.17 Dr
CGST
14.49 Dr
SGST
64.17 Dr
SGST
14.49 Dr",144,713.00,
SRI VARU POWER TOOLS CO..pdf,26-Jun-19,"(as per details)
PURCHASES
CGST
SGST","PURCHASES
170.00 Dr
CGST
15.30 Dr
SGST
15.30 Dr",142,170.00,
SRI VARU POWER TOOLS CO..pdf,8-Jul-19,"(as per details)
PURCHASES
CGST
CGST
SGST
SGST",Payment,823,,1130.00
SRI VARU POWER TOOLS CO..pdf,8-Jul-19,"(as per details)
PURCHASES
CGST
CGST
SGST
SGST",Payment,128,,1130.00
SRI VARU POWER TOOLS CO..pdf,8-Jul-19,"(as per details)
PURCHASES
CGST
CGST
SGST
SGST",Payment,145,,1130.00
SRI VARU POWER TOOLS CO..pdf,31-Jul-19,"HDFC Bank  9564 1,460.00 1061 Payment
POS 524254XXXXXX1996 SRI VARU",Payment,1061,,1460.00
SRI VARU POWER TOOLS CO..pdf,31-Jul-19,Transaction details,Purchase,,13094.00,
SRI VARU POWER TOOLS CO..pdf,31-Jul-19,"(as per details)
PURCHASES
CGST
SGST","PURCHASES
1238.00 Dr
CGST
111.42 Dr
SGST
111.42 Dr",346,1238.00,
SRI VARU POWER TOOLS CO..pdf,14-Aug-19,"(as per details)
PURCHASES
CGST
SGST",Payment,1137,,12649.00
SRI VARU POWER TOOLS CO..pdf,14-Aug-19,"(as per details)
PURCHASES
CGST
SGST",Payment,137,,12649.00
SRI VARU POWER TOOLS CO..pdf,17-Aug-19,"(as per details)
PURCHASES
CGST
SGST","PURCHASES
7242.44 Dr
CGST
651.78 Dr
SGST
651.78 Dr",129,7242.44,
SRI VARU POWER TOOLS CO..pdf,9-Sep-19,"(as per details)
PURCHASES
CGST
SGST","PURCHASES
160.20 Dr
CGST
14.40 Dr
SGST
14.40 Dr",139,160.20,
SRI VARU POWER TOOLS CO..pdf,17-Sep-19,"(as per details)
PURCHASES
CGST
CGST
CGST
SGST
SGST
SGST","PURCHASES
3559.32 Dr
CGST
320.34 Dr
CGST
7.11 Dr
CGST
7.11 Dr
SGST
320.34 Dr
SGST
7.11 Dr
SGST
7.11 Dr",130,3559.32,
SRI VARU POWER TOOLS CO..pdf,17-Sep-19,"(as per details)
PURCHASES
CGST
CGST
CGST
SGST
SGST
SGST","PURCHASES
3559.32 Dr
CGST
320.34 Dr
CGST
7.11 Dr
CGST
7.11 Dr
SGST
320.34 Dr
SGST
7.11 Dr
SGST
7.11 Dr",140,3559.32,
SRI VARU POWER TOOLS CO..pdf,17-Sep-19,"(as per details)
PURCHASES
CGST
CGST
CGST
SGST
SGST
SGST","PURCHASES
3559.32 Dr
CGST
320.34 Dr
CGST
7.11 Dr
CGST
7.11 Dr
SGST
320.34 Dr
SGST
7.11 Dr
SGST
7.11 Dr",141,3559.32,
SRI VARU POWER TOOLS CO..pdf,20-Sep-19,"(as per details)
PURCHASES
CGST
SGST","PURCHASES
3559.32 Dr
CGST
320.34 Dr
SGST
320.34 Dr",342,3559.32,
SRI VARU POWER TOOLS CO..pdf,5-Dec-19,"(as per details)
PURCHASES
CGST
SGST","PURCHASES
1635.52 Dr
CGST
147.24 Dr
SGST
147.24 Dr",132,1635.52,
SRI VARU POWER TOOLS CO..pdf,3-Jan-20,"(as per details)
PURCHASES
CGST
SGST","PURCHASES
1636.00 Dr
CGST
147.24 Dr
SGST
147.24 Dr",133,1636.00,
RAMCHAND AND CO.pdf,4-Sep-19,"(as per details)
PURCHASES
CGST
SGST","PURCHASES
350.00 Dr
CGST
31.50 Dr
SGST
31.50 Dr",92,350.00,
KRISHNA ELECTRIC.pdf,15-Jun-19,"HDFC Bank  9564 14,800.00 610 Payment
POS 524254XXXXXX1996 KRISHNA",Payment,610,,14800.00
TATA SIA AIRLINES LIMITED.pdf,18-Dec-19,"(as per details)
PURCHASES
CGST
SGST","PURCHASES
4200.00 Dr
CGST
105.00 Dr
SGST
105.00 Dr",162,4200.00,
M B SALES INTERNATIONAL.pdf,23-Apr-19,"(as per details)
PURCHASES
CGST
CGST
SGST
SGST","PURCHASES
100.00 Dr
CGST
9.00 Dr
CGST
19.50 Dr
SGST
9.00 Dr
SGST
19.50 Dr",126,220.00,
M B SALES INTERNATIONAL.pdf,23-Apr-19,"(as per details)
PURCHASES
CGST
CGST
SGST
SGST","PURCHASES
100.00 Dr
CGST
9.00 Dr
CGST
19.50 Dr
SGST
9.00 Dr
SGST
19.50 Dr",127,220.00,
PIXEL INCORPORATION.pdf,7-Jun-19,"(as per details)
PURCHASES
CGST
SGST","PURCHASES
177.68 Dr
CGST
10.66 Dr
SGST
10.66 Dr",283,177.68,
MAHAVEER METALS.pdf,4-Jan-20,"(as per details)
PURCHASES
CGST
SGST","PURCHASES
1370.00 Dr
CGST
82.20 Dr
SGST
82.20 Dr",237,1370.00,
PRAKASH AGENCIES.pdf,26-Apr-19,"(as per details)
PURCHASES
CGST
SGST","PURCHASES
484.00 Dr
CGST
43.56 Dr
SGST
43.56 Dr",146,571.12,
ONE 97 COMMUNICATION LTD.pdf,4-May-19,"(as per details)
PURCHASES
IGST
BEING PURCHASES MADE VIDE INVOICE
NO PF","PURCHASES
228.00 Dr
IGST
41.04 Dr",19,269.04,
ONE 97 COMMUNICATION LTD.pdf,1-Jul-19,"(as per details)
PURCHASES
IGST
IGST","PURCHASES
456.00 Dr
IGST
82.08 Dr
IGST
123.12 Dr",328,684.00,
ONE 97 COMMUNICATION LTD.pdf,1-Jul-19,"(as per details)
PURCHASES
IGST
IGST","PURCHASES
456.00 Dr
IGST
82.08 Dr
IGST
123.12 Dr",340,684.00,
ONE 97 COMMUNICATION LTD.pdf,22-Aug-19,"(as per details)
PURCHASES
IGST
IGST
BEING PURCHASES MADE VIDE INVOICE
NO PF","PURCHASES
472.88 Dr
IGST
85.12 Dr
IGST
42.56 Dr",20,472.88,
ONE 97 COMMUNICATION LTD.pdf,22-Aug-19,"(as per details)
PURCHASES
IGST
IGST
BEING PURCHASES MADE VIDE INVOICE
NO PF","PURCHASES
472.88 Dr
IGST
85.12 Dr
IGST
42.56 Dr",21,472.88,
ONE 97 COMMUNICATION LTD.pdf,4-Sep-19,"(as per details)
PURCHASES
IGST
BEING PURCHASES MADE VIDE INVOICE
NO PF","PURCHASES
236.44 Dr
IGST
42.56 Dr",22,236.44,
ONE 97 COMMUNICATION LTD.pdf,13-Oct-19,"(as per details)
PURCHASES
IGST
IGST
IGST
BEING PURCHASES MADE VIDE INVOICE
NO PF","PURCHASES
836.44 Dr
IGST
150.56 Dr
IGST
127.68 Dr
IGST
50.19 Dr",23,836.44,
ONE 97 COMMUNICATION LTD.pdf,13-Oct-19,"(as per details)
PURCHASES
IGST
IGST
IGST
BEING PURCHASES MADE VIDE INVOICE
NO PF","PURCHASES
836.44 Dr
IGST
150.56 Dr
IGST
127.68 Dr
IGST
50.19 Dr",24,836.44,
ONE 97 COMMUNICATION LTD.pdf,13-Oct-19,"(as per details)
PURCHASES
IGST
IGST
IGST
BEING PURCHASES MADE VIDE INVOICE
NO PF","PURCHASES
836.44 Dr
IGST
150.56 Dr
IGST
127.68 Dr
IGST
50.19 Dr",25,836.44,
ONE 97 COMMUNICATION LTD.pdf,19-Oct-19,"(as per details)
PURCHASES
IGST","PURCHASES
278.81 Dr
IGST
50.19 Dr",26,278.81,
ONE 97 COMMUNICATION LTD.pdf,19-Oct-19,Transaction details,Purchase,,5212.04,
ONE 97 COMMUNICATION LTD.pdf,23-Oct-19,"(as per details)
PURCHASES
IGST","PURCHASES
236.44 Dr
IGST
42.56 Dr",27,236.44,
ONE 97 COMMUNICATION LTD.pdf,2-Nov-19,"(as per details)
PURCHASES
IGST","PURCHASES
380.51 Dr
IGST
68.49 Dr",28,380.51,
ONE 97 COMMUNICATION LTD.pdf,19-Nov-19,"(as per details)
PURCHASES
IGST","PURCHASES
278.81 Dr
IGST
50.19 Dr",29,278.81,
ONE 97 COMMUNICATION LTD.pdf,16-Dec-19,"(as per details)
PURCHASES
IGST","PURCHASES
236.44 Dr
IGST
42.56 Dr",30,236.44,
ONE 97 COMMUNICATION LTD.pdf,27-Dec-19,"(as per details)
PURCHASES
IGST","PURCHASES
472.88 Dr
IGST
85.12 Dr",31,472.88,
ONE 97 COMMUNICATION LTD.pdf,18-Feb-20,"(as per details)
PURCHASES
IGST","PURCHASES
472.88 Dr
IGST
85.12 Dr",32,472.88,
INTECH SALES CORPORATION.pdf,1-Jun-19,"(as per details)
PURCHASES
IGST","PURCHASES
27000.00 Dr
IGST
4860.00 Dr",338,31860.00,
ELEGANT TRADERS.pdf,15-May-19,"(as per details)
PURCHASES
CGST
SGST","PURCHASES
1980.00 Dr
CGST
178.20 Dr
SGST
178.20 Dr",254,1980.00,
COSMUS LIFESTYLE PRIVATE LIMITED.pdf,1-Jun-19,"(as per details)
PURCHASES
CGST
SGST","PURCHASES
1100.84 Dr
CGST
99.08 Dr
SGST
99.08 Dr",339,1100.84,
SHOPDRIVE.pdf,22-Sep-19,"(as per details)
PURCHASES
IGST
BEING PURCHASES MADE VIDE INVOICE
NO DEL","PURCHASES
211.00 Dr
IGST
37.98 Dr",6,248.98,
KRISHNA AGENCY.pdf,18-May-19,"(as per details)
PURCHASES
CGST
SGST","PURCHASES
4915.25 Dr
CGST
442.50 Dr
SGST
442.50 Dr",333,5800.25,
KRISHNA AGENCY.pdf,15-Jun-19,"(as per details)
PURCHASES
CGST
SGST","PURCHASES
12542.00 Dr
CGST
1129.00 Dr
SGST
1129.00 Dr",285,14800.00,
LINK AUTOMOBILE & HARWARE.pdf,2-Aug-19,"(as per details)
PURCHASES
CGST
SGST","PURCHASES
3389.82 Dr
CGST
305.09 Dr
SGST
305.09 Dr",216,3389.82,
CLOUDTAIL.pdf,11-May-19,"(as per details)
PURCHASES
IGST","PURCHASES
163.56 Dr
IGST
29.44 Dr",34,163.56,
CLOUDTAIL.pdf,1-Sep-19,"(as per details)
PURCHASES
IGST","PURCHASES
1719.49 Dr
IGST
309.51 Dr",62,1719.49,
CLOUDTAIL.pdf,22-Dec-19,"(as per details)
PURCHASES
IGST
IGST","PURCHASES
390.68 Dr
IGST
70.32 Dr
IGST
24.06 Dr",63,390.68,
CLOUDTAIL.pdf,22-Dec-19,"(as per details)
PURCHASES
IGST
IGST","PURCHASES
390.68 Dr
IGST
70.32 Dr
IGST
24.06 Dr",325,390.68,
CLOUDTAIL.pdf,16-Jan-20,"(as per details)
PURCHASES
IGST","PURCHASES
776.19 Dr
IGST
38.81 Dr",326,776.19,
URBAN LIFE STYLE.pdf,1-Dec-19,"(as per details)
PURCHASES
IGST","PURCHASES
237.14 Dr
IGST
11.86 Dr",345,237.14,
G S HARDWARE.pdf,3-Oct-19,"(as per details)
PURCHASES
CGST
SGST","PURCHASES
339.80 Dr
CGST
30.60 Dr
SGST
30.60 Dr",238,339.80,
ZENITH INDUSTRIAL SUPPLIES.pdf,4-Mar-20,"(as per details)
PURCHASES
CGST
SGST","PURCHASES
3000.00 Dr
CGST
270.00 Dr
SGST
270.00 Dr",84,3000.00,
MAHINDRA AND MAHINDRA LIMITED.pdf,27-Oct-19,"(as per details)
PURCHASES
IGST","PURCHASES
1190.00 Dr
IGST
214.20 Dr",40,1404.20,
S.N. BATTERY POINT.pdf,22-May-19,"(as per details)
PURCHASES
CGST
SGST","PURCHASES
1718.74 Dr
CGST
240.63 Dr
SGST
240.63 Dr",267,1718.74,
INTERGLOBE AVIATION LIMITED.pdf,4-May-19,"(as per details)
PURCHASES
IGST","PURCHASES
16512.00 Dr
IGST
825.00 Dr",33,17337.00,
INTERGLOBE AVIATION LIMITED.pdf,11-Aug-19,"(as per details)
PURCHASES
CGST
SGST","PURCHASES
3077.00 Dr
CGST
77.00 Dr
SGST
77.00 Dr",88,3077.00,
INTERGLOBE AVIATION LIMITED.pdf,4-Sep-19,"(as per details)
PURCHASES
CGST
SGST","PURCHASES
2075.00 Dr
CGST
52.00 Dr
SGST
52.00 Dr",89,2075.00,
INTERGLOBE AVIATION LIMITED.pdf,18-Sep-19,"HDFC Bank  9564 5,499.00 1349 Payment
POS 524254XXXXXX1996 INTERGLOBE",Payment,1349,,5499.00
INTERGLOBE AVIATION LIMITED.pdf,3-Nov-19,"(as per details)
PURCHASES
IGST
IGST","PURCHASES
4118.00 Dr
IGST
206.00 Dr
IGST
228.00 Dr",36,4557.00,
INTERGLOBE AVIATION LIMITED.pdf,3-Nov-19,"(as per details)
PURCHASES
IGST
IGST","PURCHASES
4118.00 Dr
IGST
206.00 Dr
IGST
228.00 Dr",302,4557.00,
INTERGLOBE AVIATION LIMITED.pdf,26-Nov-19,"(as per details)
PURCHASES
IGST","PURCHASES
4172.00 Dr
IGST
209.00 Dr",41,4172.00,
INTERGLOBE AVIATION LIMITED.pdf,27-Dec-19,"(as per details)
PURCHASES
CGST
SGST","PURCHASES
11000.00 Dr
CGST
276.00 Dr
SGST
276.00 Dr",90,11552.00,
INTERGLOBE AVIATION LIMITED.pdf,1-Jan-20,"(as per details)
PURCHASES
CGST
SGST","PURCHASES
6668.00 Dr
CGST
166.00 Dr
SGST
166.00 Dr",87,7000.00,
LIBERTY GENERAL INSURANCE LIMITED.pdf,29-May-19,"(as per details)
PURCHASES
CGST
SGST","PURCHASES
15712.00 Dr
CGST
1199.76 Dr
SGST
1199.76 Dr",91,18111.52,
TRANSMISSION CHAIN CENTRE.pdf,3-Aug-19,"(as per details)
PURCHASES
CGST
SGST","PURCHASES
660.20 Dr
CGST
59.40 Dr
SGST
59.40 Dr",260,660.20,
TRUSTEDGES.pdf,26-Jun-19,"(as per details)
PURCHASES
IGST
BEING PURCHASES MADE VIDE INVOICE
NO  IN-","PURCHASES
363.56 Dr
IGST
65.44 Dr",14,363.56,
S & S INDUSTRIAL PRODUCTS.pdf,16-Apr-19,"(as per details)
PURCHASES
CGST
SGST","PURCHASES
7958.52 Dr
CGST
716.26 Dr
SGST
716.26 Dr",262,9391.04,
cleartrip.pdf,2-Apr-19,"(as per details)
PURCHASES
IGST","PURCHASES
237.28 Dr
IGST
42.71 Dr",46,279.99,
cleartrip.pdf,8-Apr-19,"(as per details)
PURCHASES
IGST","PURCHASES
762.72 Dr
IGST
137.29 Dr",47,900.01,
cleartrip.pdf,24-Apr-19,"(as per details)
PURCHASES
IGST","PURCHASES
211.83 Dr
IGST
38.13 Dr",45,249.96,
cleartrip.pdf,11-Aug-19,"(as per details)
PURCHASES
IGST","PURCHASES
237.29 Dr
IGST
42.71 Dr",42,237.29,
cleartrip.pdf,30-Sep-19,"(as per details)
PURCHASES
IGST
IGST","PURCHASES
296.67 Dr
IGST
53.40 Dr
IGST
42.72 Dr",43,350.07,
cleartrip.pdf,30-Sep-19,"(as per details)
PURCHASES
IGST
IGST","PURCHASES
296.67 Dr
IGST
53.40 Dr
IGST
42.72 Dr",44,350.07,
HILTI INDIA  PVT LTD.pdf,10-Apr-19,"HDFC Bank  9564 7,479.00 73 Payment",Payment,73,,7479.00
HILTI INDIA  PVT LTD.pdf,6-Jan-20,"HDFC Bank  9564 5,518.90 1902 Payment",Payment,1902,,5518.90
HILTI INDIA  PVT LTD.pdf,13-Feb-20,"HDFC Bank  9564 19,109.00 2049 Payment",Payment,2049,,19109.00
HILTI  INDIA  PRIVATE  LIMITED.pdf,5-Apr-19,"(as per details)
PURCHASES
CGST
SGST","PURCHASES
6338.68 Dr
CGST
570.48 Dr
SGST
570.48 Dr",70,7479.64,
HILTI  INDIA  PRIVATE  LIMITED.pdf,24-Apr-19,"(as per details)
PURCHASES
CGST
SGST","PURCHASES
2786.98 Dr
CGST
250.83 Dr
SGST
250.83 Dr",76,3288.64,
HILTI  INDIA  PRIVATE  LIMITED.pdf,10-May-19,"(as per details)
PURCHASES
CGST
SGST","PURCHASES
2836.80 Dr
CGST
255.31 Dr
SGST
255.31 Dr",69,3347.42,
HILTI  INDIA  PRIVATE  LIMITED.pdf,17-May-19,"(as per details)
PURCHASES
CGST
SGST","PURCHASES
5625.00 Dr
CGST
506.25 Dr
SGST
506.25 Dr",71,6637.50,
HILTI  INDIA  PRIVATE  LIMITED.pdf,14-Jun-19,"(as per details)
PURCHASES
CGST
SGST","PURCHASES
5937.76 Dr
CGST
534.40 Dr
SGST
534.40 Dr",72,7006.56,
HILTI  INDIA  PRIVATE  LIMITED.pdf,2-Aug-19,"(as per details)
PURCHASES
CGST
SGST","PURCHASES
6446.58 Dr
CGST
580.19 Dr
SGST
580.19 Dr",73,7606.96,
HILTI  INDIA  PRIVATE  LIMITED.pdf,9-Sep-19,"(as per details)
PURCHASES
CGST
SGST","PURCHASES
5625.00 Dr
CGST
506.25 Dr
SGST
506.25 Dr",74,6637.50,
HILTI  INDIA  PRIVATE  LIMITED.pdf,10-Sep-19,"(as per details)
PURCHASES
CGST
SGST","PURCHASES
7993.92 Dr
CGST
719.45 Dr
SGST
719.45 Dr",75,9432.82,
HILTI  INDIA  PRIVATE  LIMITED.pdf,30-Dec-19,"(as per details)
PURCHASES
CGST
SGST","PURCHASES
4677.04 Dr
CGST
420.93 Dr
SGST
420.93 Dr",65,5518.90,
HILTI  INDIA  PRIVATE  LIMITED.pdf,6-Feb-20,"(as per details)
PURCHASES
CGST
CGST
SGST
SGST","PURCHASES
4943.78 Dr
CGST
444.94 Dr
CGST
506.25 Dr
SGST
444.94 Dr
SGST
506.25 Dr",66,6637.50,
HILTI  INDIA  PRIVATE  LIMITED.pdf,6-Feb-20,"(as per details)
PURCHASES
CGST
CGST
SGST
SGST","PURCHASES
4943.78 Dr
CGST
444.94 Dr
CGST
506.25 Dr
SGST
444.94 Dr
SGST
506.25 Dr",67,6637.50,
HILTI  INDIA  PRIVATE  LIMITED.pdf,6-Feb-20,Transaction details,Purchase,,69427.10,
HILTI  INDIA  PRIVATE  LIMITED.pdf,6-Feb-20,"(as per details)
PURCHASES
CGST
SGST","PURCHASES
5625.00 Dr
CGST
506.25 Dr
SGST
506.25 Dr",68,6637.50,
RAJ AGENCIES.pdf,26-Dec-19,"(as per details)
PURCHASES
IGST","PURCHASES
1695.00 Dr
IGST
305.00 Dr",316,1695.00,
GAYATRI ENGINEERING WORKS.pdf,8-May-19,"(as per details)
PURCHASES
IGST","PURCHASES
74900.00 Dr
IGST
13482.00 Dr",358,88382.00,
SHANKARA BUILDING PRODUCTS LIMITE.pdf,11-Apr-19,"(as per details)
PURCHASES
CGST
SGST","PURCHASES
932.00 Dr
CGST
83.88 Dr
SGST
83.88 Dr",121,932.00,
I S HARDWARE.pdf,1-Sep-19,"(as per details)
PURCHASES
CGST
CGST
SGST
SGST","PURCHASES
12400.00 Dr
CGST
1116.00 Dr
CGST
981.00 Dr
SGST
1116.00 Dr
SGST
981.00 Dr",166,14632.00,
I S HARDWARE.pdf,1-Sep-19,"(as per details)
PURCHASES
CGST
CGST
SGST
SGST","PURCHASES
12400.00 Dr
CGST
1116.00 Dr
CGST
981.00 Dr
SGST
1116.00 Dr
SGST
981.00 Dr",167,14632.00,
GEETHA AUTO COMMERCIALS.pdf,18-Oct-19,"(as per details)
PURCHASES
IGST","PURCHASES
8824.62 Dr
IGST
1588.43 Dr",322,10500.00,
GEETHA AUTO COMMERCIALS.pdf,20-Nov-19,"(as per details)
PURCHASES
IGST","PURCHASES
8643.19 Dr
IGST
1555.81 Dr",323,10199.00,
GEETHA AUTO COMMERCIALS.pdf,26-Feb-20,"(as per details)
PURCHASES
IGST","PURCHASES
11376.66 Dr
IGST
2122.34 Dr",324,13499.00,
UNIVERSAL HARDWARE.pdf,11-Apr-19,"(as per details)
PURCHASES
CGST
SGST","PURCHASES
2100.00 Dr
CGST
189.00 Dr
SGST
189.00 Dr",95,2100.00,
UNIVERSAL HARDWARE.pdf,15-May-19,"(as per details)
PURCHASES
CGST
SGST","PURCHASES
2050.00 Dr
CGST
184.50 Dr
SGST
184.50 Dr",96,2050.00,
EXTREME ENGINEERING CENTRE.pdf,5-Nov-19,"HDFC Bank  9564 50,000.00 1633 Payment
IMPS-930916361297-EXTREEM",Payment,1633,,50000.00
EXTREME ENGINEERING CENTRE.pdf,7-Nov-19,"HDFC Bank  9564 2,00,000.00 1649 Payment
IMPS-931112323916-EXTREEM",Payment,1649,,200000.00
EXTREME ENGINEERING CENTRE.pdf,8-Nov-19,"HDFC Bank  9564 3,33,000.00 1651 Payment
NEFT DR-SBIN0020316-EXTREEM",Payment,1651,,333000.00
EXTREME ENGINEERING CENTRE.pdf,10-Nov-19,"HDFC Bank  9564 5,888.00 1660 Payment
IMPS-931411376239-EXTREEM",Payment,1660,,5888.00
EXTREME ENGINEERING CENTRE.pdf,12-Nov-19,"HDFC Bank  9564 1,59,279.00 1675 Payment
NEFT DR-SBIN0020316-EXTREEM",Payment,1675,,159279.00
EXTREME ENGINEERING CENTRE.pdf,8-Dec-19,"HDFC Bank  9564 50,000.00 1801 Payment
NEFT DR-SBIN0020316-EXTREEM",Payment,1801,,50000.00
EXTREME ENGINEERING CENTRE.pdf,9-Dec-19,"HDFC Bank  9564 2,00,000.00 1803 Payment
NEFT DR-SBIN0020316-EXTREEM",Payment,1803,,200000.00
EXTREME ENGINEERING CENTRE.pdf,10-Dec-19,"HDFC Bank  9564 87,661.00 1804 Payment
NEFT DR-SBIN0020316-EXTREEM",Payment,1804,,87661.00
MARHABA TRADING CO.pdf,17-Aug-19,"(as per details)
PURCHASES
CGST
SGST","PURCHASES
21800.00 Dr
CGST
1962.00 Dr
SGST
1962.00 Dr",239,25724.00,
ELCON PRODUCTS.pdf,14-May-19,"(as per details)
PURCHASES
IGST","PURCHASES
25000.00 Dr
IGST
4500.00 Dr",61,29500.00,
